run_id	index_2d	index_1d	lockin1	kerr_rotation	file_index	probe_delay	wavelength	b_external
0	0.0	0	0.000266	0.01572	0	-160.0	836.0	-100.0
0	0.0	1	0.000213	-0.00434	0	-160.0	836.0	-99.5
0	0.0	2	0.000274	-0.0018	0	-160.0	836.0	-99.0
0	0.0	3	0.000351	0.00418	0	-160.0	836.0	-98.5
0	0.0	4	0.000342	0.01082	0	-160.0	836.0	-98.0
0	0.0	5	0.000393	0.01814	0	-160.0	836.0	-97.5
0	0.0	6	0.000433	0.02538	0	-160.0	836.0	-97.0
0	0.0	7	0.000494	0.03186	0	-160.0	836.0	-96.5
0	0.0	8	0.000501	0.0368	0	-160.0	836.0	-96.0
0	0.0	9	0.000515	0.04004	0	-160.0	836.0	-95.5
0	0.0	10	0.000529	0.04126	0	-160.0	836.0	-95.0
0	0.0	11	0.000556	0.04034	0	-160.0	836.0	-94.5
0	0.0	12	0.00054	0.03636	0	-160.0	836.0	-94.0
0	0.0	13	0.000432	0.0303	0	-160.0	836.0	-93.5
0	0.0	14	0.000417	0.02282	0	-160.0	836.0	-93.0
0	0.0	15	0.000364	0.01446	0	-160.0	836.0	-92.5
0	0.0	16	0.000295	0.00616	0	-160.0	836.0	-92.0
0	0.0	17	0.000233	-0.00234	0	-160.0	836.0	-91.5
0	0.0	18	0.000204	-0.01016	0	-160.0	836.0	-91.0
0	0.0	19	0.000175	-0.01748	0	-160.0	836.0	-90.5
0	0.0	20	0.00012	-0.0227	0	-160.0	836.0	-90.0
0	0.0	21	9.4e-05	-0.026	0	-160.0	836.0	-89.5
0	0.0	22	0.000105	-0.0287	0	-160.0	836.0	-89.0
0	0.0	23	0.000105	-0.03066	0	-160.0	836.0	-88.5
0	0.0	24	6.4e-05	-0.03092	0	-160.0	836.0	-88.0
0	0.0	25	7.7e-05	-0.02878	0	-160.0	836.0	-87.5
0	0.0	26	0.000131	-0.02674	0	-160.0	836.0	-87.0
0	0.0	27	0.00017	-0.02264	0	-160.0	836.0	-86.5
0	0.0	28	0.000188	-0.0173	0	-160.0	836.0	-86.0
0	0.0	29	0.000189	-0.01178	0	-160.0	836.0	-85.5
0	0.0	30	0.000214	-0.00564	0	-160.0	836.0	-85.0
0	0.0	31	0.000278	0.00094	0	-160.0	836.0	-84.5
0	0.0	32	0.000369	0.00868	0	-160.0	836.0	-84.0
0	0.0	33	0.000388	0.01644	0	-160.0	836.0	-83.5
0	0.0	34	0.000435	0.0236	0	-160.0	836.0	-83.0
0	0.0	35	0.000451	0.03046	0	-160.0	836.0	-82.5
0	0.0	36	0.000476	0.03572	0	-160.0	836.0	-82.0
0	0.0	37	0.000537	0.03944	0	-160.0	836.0	-81.5
0	0.0	38	0.000524	0.04106	0	-160.0	836.0	-81.0
0	0.0	39	0.000537	0.0395	0	-160.0	836.0	-80.5
0	0.0	40	0.000484	0.03682	0	-160.0	836.0	-80.0
0	0.0	41	0.000446	0.03052	0	-160.0	836.0	-79.5
0	0.0	42	0.000397	0.02318	0	-160.0	836.0	-79.0
0	0.0	43	0.000347	0.01472	0	-160.0	836.0	-78.5
0	0.0	44	0.000282	0.00554	0	-160.0	836.0	-78.0
0	0.0	45	0.000252	-0.00302	0	-160.0	836.0	-77.5
0	0.0	46	0.000213	-0.01072	0	-160.0	836.0	-77.0
0	0.0	47	0.000194	-0.01778	0	-160.0	836.0	-76.5
0	0.0	48	0.000127	-0.0225	0	-160.0	836.0	-76.0
0	0.0	49	9.8e-05	-0.0263	0	-160.0	836.0	-75.5
0	0.0	50	8.1e-05	-0.02954	0	-160.0	836.0	-75.0
0	0.0	51	0.000105	-0.03124	0	-160.0	836.0	-74.5
0	0.0	52	0.000113	-0.03048	0	-160.0	836.0	-74.0
0	0.0	53	0.000122	-0.0282	0	-160.0	836.0	-73.5
0	0.0	54	0.000128	-0.02644	0	-160.0	836.0	-73.0
0	0.0	55	0.000128	-0.02266	0	-160.0	836.0	-72.5
0	0.0	56	0.000169	-0.0176	0	-160.0	836.0	-72.0
0	0.0	57	0.000218	-0.01184	0	-160.0	836.0	-71.5
0	0.0	58	0.000243	-0.00504	0	-160.0	836.0	-71.0
0	0.0	59	0.000284	0.0023	0	-160.0	836.0	-70.5
0	0.0	60	0.000341	0.01014	0	-160.0	836.0	-70.0
0	0.0	61	0.000386	0.01762	0	-160.0	836.0	-69.5
0	0.0	62	0.000434	0.02526	0	-160.0	836.0	-69.0
0	0.0	63	0.000463	0.03282	0	-160.0	836.0	-68.5
0	0.0	64	0.000518	0.03708	0	-160.0	836.0	-68.0
0	0.0	65	0.000536	0.04076	0	-160.0	836.0	-67.5
0	0.0	66	0.00056	0.04158	0	-160.0	836.0	-67.0
0	0.0	67	0.000521	0.04064	0	-160.0	836.0	-66.5
0	0.0	68	0.000478	0.03622	0	-160.0	836.0	-66.0
0	0.0	69	0.000444	0.02988	0	-160.0	836.0	-65.5
0	0.0	70	0.0004	0.02166	0	-160.0	836.0	-65.0
0	0.0	71	0.000355	0.01316	0	-160.0	836.0	-64.5
0	0.0	72	0.0003	0.00438	0	-160.0	836.0	-64.0
0	0.0	73	0.000228	-0.0047	0	-160.0	836.0	-63.5
0	0.0	74	0.000151	-0.01176	0	-160.0	836.0	-63.0
0	0.0	75	0.000145	-0.01794	0	-160.0	836.0	-62.5
0	0.0	76	0.000125	-0.02286	0	-160.0	836.0	-62.0
0	0.0	77	0.000105	-0.02698	0	-160.0	836.0	-61.5
0	0.0	78	0.000106	-0.02906	0	-160.0	836.0	-61.0
0	0.0	79	9.2e-05	-0.03002	0	-160.0	836.0	-60.5
0	0.0	80	0.0001	-0.02918	0	-160.0	836.0	-60.0
0	0.0	81	0.000114	-0.0282	0	-160.0	836.0	-59.5
0	0.0	82	0.000141	-0.02452	0	-160.0	836.0	-59.0
0	0.0	83	0.00015	-0.02022	0	-160.0	836.0	-58.5
0	0.0	84	0.000202	-0.01494	0	-160.0	836.0	-58.0
0	0.0	85	0.000268	-0.00872	0	-160.0	836.0	-57.5
0	0.0	86	0.000286	-0.00082	0	-160.0	836.0	-57.0
0	0.0	87	0.000324	0.00594	0	-160.0	836.0	-56.5
0	0.0	88	0.000348	0.01358	0	-160.0	836.0	-56.0
0	0.0	89	0.000434	0.0209	0	-160.0	836.0	-55.5
0	0.0	90	0.000466	0.02882	0	-160.0	836.0	-55.0
0	0.0	91	0.000539	0.03568	0	-160.0	836.0	-54.5
0	0.0	92	0.000541	0.04014	0	-160.0	836.0	-54.0
0	0.0	93	0.000528	0.04256	0	-160.0	836.0	-53.5
0	0.0	94	0.000532	0.04232	0	-160.0	836.0	-53.0
0	0.0	95	0.000524	0.03934	0	-160.0	836.0	-52.5
0	0.0	96	0.000491	0.03428	0	-160.0	836.0	-52.0
0	0.0	97	0.000431	0.02658	0	-160.0	836.0	-51.5
0	0.0	98	0.000382	0.01822	0	-160.0	836.0	-51.0
0	0.0	99	0.000313	0.00852	0	-160.0	836.0	-50.5
0	0.0	100	0.000241	-0.00014	0	-160.0	836.0	-50.0
0	0.0	101	0.000203	-0.00776	0	-160.0	836.0	-49.5
0	0.0	102	0.00017	-0.01538	0	-160.0	836.0	-49.0
0	0.0	103	0.000118	-0.02102	0	-160.0	836.0	-48.5
0	0.0	104	0.000114	-0.02594	0	-160.0	836.0	-48.0
0	0.0	105	9.9e-05	-0.02856	0	-160.0	836.0	-47.5
0	0.0	106	7.4e-05	-0.0306	0	-160.0	836.0	-47.0
0	0.0	107	5e-05	-0.03156	0	-160.0	836.0	-46.5
0	0.0	108	0.000104	-0.02996	0	-160.0	836.0	-46.0
0	0.0	109	0.000111	-0.02748	0	-160.0	836.0	-45.5
0	0.0	110	0.000158	-0.02338	0	-160.0	836.0	-45.0
0	0.0	111	0.000172	-0.01788	0	-160.0	836.0	-44.5
0	0.0	112	0.000173	-0.01278	0	-160.0	836.0	-44.0
0	0.0	113	0.000207	-0.00552	0	-160.0	836.0	-43.5
0	0.0	114	0.000294	0.0017	0	-160.0	836.0	-43.0
0	0.0	115	0.000333	0.0091	0	-160.0	836.0	-42.5
0	0.0	116	0.000383	0.01708	0	-160.0	836.0	-42.0
0	0.0	117	0.000456	0.02528	0	-160.0	836.0	-41.5
0	0.0	118	0.000472	0.03132	0	-160.0	836.0	-41.0
0	0.0	119	0.000494	0.03746	0	-160.0	836.0	-40.5
0	0.0	120	0.00051	0.04058	0	-160.0	836.0	-40.0
0	0.0	121	0.000531	0.04138	0	-160.0	836.0	-39.5
0	0.0	122	0.000535	0.04038	0	-160.0	836.0	-39.0
0	0.0	123	0.000501	0.03638	0	-160.0	836.0	-38.5
0	0.0	124	0.000483	0.02922	0	-160.0	836.0	-38.0
0	0.0	125	0.000425	0.02144	0	-160.0	836.0	-37.5
0	0.0	126	0.000342	0.01278	0	-160.0	836.0	-37.0
0	0.0	127	0.000303	0.00408	0	-160.0	836.0	-36.5
0	0.0	128	0.000252	-0.00456	0	-160.0	836.0	-36.0
0	0.0	129	0.00022	-0.012	0	-160.0	836.0	-35.5
0	0.0	130	0.000158	-0.01786	0	-160.0	836.0	-35.0
0	0.0	131	0.000121	-0.02278	0	-160.0	836.0	-34.5
0	0.0	132	8.2e-05	-0.0271	0	-160.0	836.0	-34.0
0	0.0	133	0.000113	-0.02946	0	-160.0	836.0	-33.5
0	0.0	134	8.5e-05	-0.03064	0	-160.0	836.0	-33.0
0	0.0	135	0.000127	-0.0306	0	-160.0	836.0	-32.5
0	0.0	136	0.000112	-0.02834	0	-160.0	836.0	-32.0
0	0.0	137	0.000122	-0.02504	0	-160.0	836.0	-31.5
0	0.0	138	0.000167	-0.02082	0	-160.0	836.0	-31.0
0	0.0	139	0.000205	-0.01544	0	-160.0	836.0	-30.5
0	0.0	140	0.00025	-0.00876	0	-160.0	836.0	-30.0
0	0.0	141	0.0003	-0.00132	0	-160.0	836.0	-29.5
0	0.0	142	0.000339	0.00662	0	-160.0	836.0	-29.0
0	0.0	143	0.000384	0.01542	0	-160.0	836.0	-28.5
0	0.0	144	0.000426	0.02292	0	-160.0	836.0	-28.0
0	0.0	145	0.000463	0.03072	0	-160.0	836.0	-27.5
0	0.0	146	0.000517	0.03598	0	-160.0	836.0	-27.0
0	0.0	147	0.000536	0.04108	0	-160.0	836.0	-26.5
0	0.0	148	0.000544	0.04342	0	-160.0	836.0	-26.0
0	0.0	149	0.000535	0.04216	0	-160.0	836.0	-25.5
0	0.0	150	0.000504	0.03882	0	-160.0	836.0	-25.0
0	0.0	151	0.000493	0.03332	0	-160.0	836.0	-24.5
0	0.0	152	0.00045	0.02508	0	-160.0	836.0	-24.0
0	0.0	153	0.00038	0.0161	0	-160.0	836.0	-23.5
0	0.0	154	0.000319	0.00754	0	-160.0	836.0	-23.0
0	0.0	155	0.000259	-0.00114	0	-160.0	836.0	-22.5
0	0.0	156	0.0002	-0.00906	0	-160.0	836.0	-22.0
0	0.0	157	0.000144	-0.01544	0	-160.0	836.0	-21.5
0	0.0	158	0.000125	-0.02158	0	-160.0	836.0	-21.0
0	0.0	159	0.000134	-0.02608	0	-160.0	836.0	-20.5
0	0.0	160	9.6e-05	-0.02898	0	-160.0	836.0	-20.0
0	0.0	161	5.9e-05	-0.0297	0	-160.0	836.0	-19.5
0	0.0	162	4.1e-05	-0.0299	0	-160.0	836.0	-19.0
0	0.0	163	0.000106	-0.02818	0	-160.0	836.0	-18.5
0	0.0	164	0.000102	-0.02656	0	-160.0	836.0	-18.0
0	0.0	165	0.000142	-0.02284	0	-160.0	836.0	-17.5
0	0.0	166	0.000169	-0.0173	0	-160.0	836.0	-17.0
0	0.0	167	0.000193	-0.01214	0	-160.0	836.0	-16.5
0	0.0	168	0.000234	-0.00478	0	-160.0	836.0	-16.0
0	0.0	169	0.000289	0.00316	0	-160.0	836.0	-15.5
0	0.0	170	0.000365	0.01182	0	-160.0	836.0	-15.0
0	0.0	171	0.000429	0.0198	0	-160.0	836.0	-14.5
0	0.0	172	0.00047	0.02806	0	-160.0	836.0	-14.0
0	0.0	173	0.00049	0.03484	0	-160.0	836.0	-13.5
0	0.0	174	0.000535	0.04032	0	-160.0	836.0	-13.0
0	0.0	175	0.000561	0.04234	0	-160.0	836.0	-12.5
0	0.0	176	0.000534	0.0425	0	-160.0	836.0	-12.0
0	0.0	177	0.000526	0.03922	0	-160.0	836.0	-11.5
0	0.0	178	0.000462	0.03336	0	-160.0	836.0	-11.0
0	0.0	179	0.000424	0.02656	0	-160.0	836.0	-10.5
0	0.0	180	0.000381	0.01692	0	-160.0	836.0	-10.0
0	0.0	181	0.00029	0.00858	0	-160.0	836.0	-9.5
0	0.0	182	0.000268	-0.0002	0	-160.0	836.0	-9.0
0	0.0	183	0.000219	-0.00828	0	-160.0	836.0	-8.5
0	0.0	184	0.000213	-0.01518	0	-160.0	836.0	-8.0
0	0.0	185	0.000145	-0.02132	0	-160.0	836.0	-7.5
0	0.0	186	0.000103	-0.02534	0	-160.0	836.0	-7.0
0	0.0	187	0.000106	-0.0288	0	-160.0	836.0	-6.5
0	0.0	188	7.9e-05	-0.03028	0	-160.0	836.0	-6.0
0	0.0	189	9.6e-05	-0.03118	0	-160.0	836.0	-5.5
0	0.0	190	8.2e-05	-0.03032	0	-160.0	836.0	-5.0
0	0.0	191	9.1e-05	-0.0284	0	-160.0	836.0	-4.5
0	0.0	192	0.00012	-0.02428	0	-160.0	836.0	-4.0
0	0.0	193	0.000168	-0.01974	0	-160.0	836.0	-3.5
0	0.0	194	0.0002	-0.01346	0	-160.0	836.0	-3.0
0	0.0	195	0.000262	-0.00616	0	-160.0	836.0	-2.5
0	0.0	196	0.000274	0.001	0	-160.0	836.0	-2.0
0	0.0	197	0.000342	0.00864	0	-160.0	836.0	-1.5
0	0.0	198	0.000418	0.01736	0	-160.0	836.0	-1.0
0	0.0	199	0.000446	0.02552	0	-160.0	836.0	-0.5
0	0.0	200	0.000492	0.03222	0	-160.0	836.0	7.979728000000001e-14
0	0.0	201	0.000535	0.03678	0	-160.0	836.0	0.5
0	0.0	202	0.000553	0.03966	0	-160.0	836.0	1.0
0	0.0	203	0.000515	0.03978	0	-160.0	836.0	1.5
0	0.0	204	0.000514	0.038	0	-160.0	836.0	2.0
0	0.0	205	0.000474	0.03326	0	-160.0	836.0	2.5
0	0.0	206	0.00041	0.02564	0	-160.0	836.0	3.0
0	0.0	207	0.000382	0.01696	0	-160.0	836.0	3.5
0	0.0	208	0.00033	0.00836	0	-160.0	836.0	4.0
0	0.0	209	0.000246	-4e-05	0	-160.0	836.0	4.5
0	0.0	210	0.000198	-0.00846	0	-160.0	836.0	5.0
0	0.0	211	0.000159	-0.01558	0	-160.0	836.0	5.5
0	0.0	212	0.000137	-0.02096	0	-160.0	836.0	6.0
0	0.0	213	0.000102	-0.02532	0	-160.0	836.0	6.5
0	0.0	214	8.3e-05	-0.02864	0	-160.0	836.0	7.0
0	0.0	215	9.6e-05	-0.03144	0	-160.0	836.0	7.5
0	0.0	216	7.1e-05	-0.03194	0	-160.0	836.0	8.0
0	0.0	217	6.9e-05	-0.03056	0	-160.0	836.0	8.5
0	0.0	218	0.000116	-0.0289	0	-160.0	836.0	9.0
0	0.0	219	0.000147	-0.02462	0	-160.0	836.0	9.5
0	0.0	220	0.000154	-0.02044	0	-160.0	836.0	10.0
0	0.0	221	0.000202	-0.0147	0	-160.0	836.0	10.5
0	0.0	222	0.000236	-0.00678	0	-160.0	836.0	11.0
0	0.0	223	0.000255	0.00136	0	-160.0	836.0	11.5
0	0.0	224	0.000343	0.01008	0	-160.0	836.0	12.0
0	0.0	225	0.00039	0.01846	0	-160.0	836.0	12.5
0	0.0	226	0.00045	0.02628	0	-160.0	836.0	13.0
0	0.0	227	0.000493	0.03354	0	-160.0	836.0	13.5
0	0.0	228	0.000558	0.039	0	-160.0	836.0	14.0
0	0.0	229	0.00051	0.0418	0	-160.0	836.0	14.5
0	0.0	230	0.000532	0.04204	0	-160.0	836.0	15.0
0	0.0	231	0.000521	0.03854	0	-160.0	836.0	15.5
0	0.0	232	0.00049	0.03352	0	-160.0	836.0	16.0
0	0.0	233	0.000424	0.02644	0	-160.0	836.0	16.5
0	0.0	234	0.000398	0.0189	0	-160.0	836.0	17.0
0	0.0	235	0.000304	0.00982	0	-160.0	836.0	17.5
0	0.0	236	0.000281	0.00114	0	-160.0	836.0	18.0
0	0.0	237	0.000196	-0.00672	0	-160.0	836.0	18.5
0	0.0	238	0.000197	-0.01324	0	-160.0	836.0	19.0
0	0.0	239	0.000157	-0.01874	0	-160.0	836.0	19.5
0	0.0	240	7.5e-05	-0.02438	0	-160.0	836.0	20.0
0	0.0	241	8.5e-05	-0.0278	0	-160.0	836.0	20.5
0	0.0	242	7.2e-05	-0.02926	0	-160.0	836.0	21.0
0	0.0	243	0.000112	-0.03074	0	-160.0	836.0	21.5
0	0.0	244	8.8e-05	-0.03008	0	-160.0	836.0	22.0
0	0.0	245	0.000133	-0.02858	0	-160.0	836.0	22.5
0	0.0	246	0.000104	-0.02546	0	-160.0	836.0	23.0
0	0.0	247	0.000154	-0.02152	0	-160.0	836.0	23.5
0	0.0	248	0.000208	-0.01538	0	-160.0	836.0	24.0
0	0.0	249	0.000263	-0.00698	0	-160.0	836.0	24.5
0	0.0	250	0.000306	0.0013	0	-160.0	836.0	25.0
0	0.0	251	0.000367	0.00936	0	-160.0	836.0	25.5
0	0.0	252	0.000397	0.01764	0	-160.0	836.0	26.0
0	0.0	253	0.000467	0.02684	0	-160.0	836.0	26.5
0	0.0	254	0.00048	0.0346	0	-160.0	836.0	27.0
0	0.0	255	0.000551	0.03966	0	-160.0	836.0	27.5
0	0.0	256	0.000579	0.04226	0	-160.0	836.0	28.0
0	0.0	257	0.000562	0.04252	0	-160.0	836.0	28.5
0	0.0	258	0.00052	0.04	0	-160.0	836.0	29.0
0	0.0	259	0.000479	0.03468	0	-160.0	836.0	29.5
0	0.0	260	0.000416	0.02816	0	-160.0	836.0	30.0
0	0.0	261	0.000394	0.0199	0	-160.0	836.0	30.5
0	0.0	262	0.000359	0.01178	0	-160.0	836.0	31.0
0	0.0	263	0.000285	0.00254	0	-160.0	836.0	31.5
0	0.0	264	0.000248	-0.00548	0	-160.0	836.0	32.0
0	0.0	265	0.000194	-0.01196	0	-160.0	836.0	32.5
0	0.0	266	0.000147	-0.0179	0	-160.0	836.0	33.0
0	0.0	267	0.000117	-0.0218	0	-160.0	836.0	33.5
0	0.0	268	0.000125	-0.02586	0	-160.0	836.0	34.0
0	0.0	269	8.5e-05	-0.02894	0	-160.0	836.0	34.5
0	0.0	270	8.1e-05	-0.03028	0	-160.0	836.0	35.0
0	0.0	271	8e-05	-0.03006	0	-160.0	836.0	35.5
0	0.0	272	7.9e-05	-0.02792	0	-160.0	836.0	36.0
0	0.0	273	0.000105	-0.02482	0	-160.0	836.0	36.5
0	0.0	274	0.000144	-0.02072	0	-160.0	836.0	37.0
0	0.0	275	0.000179	-0.01476	0	-160.0	836.0	37.5
0	0.0	276	0.000251	-0.00714	0	-160.0	836.0	38.0
0	0.0	277	0.00027	0.00066	0	-160.0	836.0	38.5
0	0.0	278	0.000313	0.00876	0	-160.0	836.0	39.0
0	0.0	279	0.000409	0.0179	0	-160.0	836.0	39.5
0	0.0	280	0.000453	0.02612	0	-160.0	836.0	40.0
0	0.0	281	0.000517	0.0336	0	-160.0	836.0	40.5
0	0.0	282	0.000518	0.03892	0	-160.0	836.0	41.0
0	0.0	283	0.000526	0.0421	0	-160.0	836.0	41.5
0	0.0	284	0.000479	0.0423	0	-160.0	836.0	42.0
0	0.0	285	0.000525	0.04024	0	-160.0	836.0	42.5
0	0.0	286	0.000465	0.03512	0	-160.0	836.0	43.0
0	0.0	287	0.000452	0.0286	0	-160.0	836.0	43.5
0	0.0	288	0.000385	0.02114	0	-160.0	836.0	44.0
0	0.0	289	0.000339	0.01284	0	-160.0	836.0	44.5
0	0.0	290	0.000273	0.00468	0	-160.0	836.0	45.0
0	0.0	291	0.000231	-0.00396	0	-160.0	836.0	45.5
0	0.0	292	0.000199	-0.0116	0	-160.0	836.0	46.0
0	0.0	293	0.000159	-0.01834	0	-160.0	836.0	46.5
0	0.0	294	0.000149	-0.0235	0	-160.0	836.0	47.0
0	0.0	295	0.000106	-0.02748	0	-160.0	836.0	47.5
0	0.0	296	0.000104	-0.03	0	-160.0	836.0	48.0
0	0.0	297	0.000107	-0.03076	0	-160.0	836.0	48.5
0	0.0	298	8.9e-05	-0.02986	0	-160.0	836.0	49.0
0	0.0	299	7.3e-05	-0.0284	0	-160.0	836.0	49.5
0	0.0	300	0.000138	-0.02586	0	-160.0	836.0	50.0
0	0.0	301	0.000136	-0.02138	0	-160.0	836.0	50.5
0	0.0	302	0.00018	-0.01606	0	-160.0	836.0	51.0
0	0.0	303	0.0002	-0.00954	0	-160.0	836.0	51.5
0	0.0	304	0.000273	-0.00238	0	-160.0	836.0	52.0
0	0.0	305	0.00035	0.00714	0	-160.0	836.0	52.5
0	0.0	306	0.000437	0.0171	0	-160.0	836.0	53.0
0	0.0	307	0.000429	0.02504	0	-160.0	836.0	53.5
0	0.0	308	0.000468	0.03306	0	-160.0	836.0	54.0
0	0.0	309	0.000508	0.03836	0	-160.0	836.0	54.5
0	0.0	310	0.000544	0.04096	0	-160.0	836.0	55.0
0	0.0	311	0.000559	0.04116	0	-160.0	836.0	55.5
0	0.0	312	0.00054	0.03866	0	-160.0	836.0	56.0
0	0.0	313	0.000482	0.0342	0	-160.0	836.0	56.5
0	0.0	314	0.000444	0.02772	0	-160.0	836.0	57.0
0	0.0	315	0.000394	0.02034	0	-160.0	836.0	57.5
0	0.0	316	0.000341	0.01232	0	-160.0	836.0	58.0
0	0.0	317	0.000327	0.0042	0	-160.0	836.0	58.5
0	0.0	318	0.000234	-0.0035	0	-160.0	836.0	59.0
0	0.0	319	0.000182	-0.01084	0	-160.0	836.0	59.5
0	0.0	320	0.000141	-0.01728	0	-160.0	836.0	60.0
0	0.0	321	0.000118	-0.02288	0	-160.0	836.0	60.5
0	0.0	322	0.000108	-0.026	0	-160.0	836.0	61.0
0	0.0	323	0.000116	-0.02838	0	-160.0	836.0	61.5
0	0.0	324	6.4e-05	-0.02958	0	-160.0	836.0	62.0
0	0.0	325	7.8e-05	-0.03046	0	-160.0	836.0	62.5
0	0.0	326	7.9e-05	-0.02938	0	-160.0	836.0	63.0
0	0.0	327	8.1e-05	-0.0278	0	-160.0	836.0	63.5
0	0.0	328	0.00014	-0.02318	0	-160.0	836.0	64.0
0	0.0	329	0.000176	-0.01758	0	-160.0	836.0	64.5
0	0.0	330	0.000244	-0.01052	0	-160.0	836.0	65.0
0	0.0	331	0.000272	-0.0015	0	-160.0	836.0	65.5
0	0.0	332	0.000315	0.00736	0	-160.0	836.0	66.0
0	0.0	333	0.000358	0.0173	0	-160.0	836.0	66.5
0	0.0	334	0.000443	0.02594	0	-160.0	836.0	67.0
0	0.0	335	0.000488	0.03294	0	-160.0	836.0	67.5
0	0.0	336	0.000517	0.03854	0	-160.0	836.0	68.0
0	0.0	337	0.00053	0.0418	0	-160.0	836.0	68.5
0	0.0	338	0.000516	0.04238	0	-160.0	836.0	69.0
0	0.0	339	0.000477	0.04022	0	-160.0	836.0	69.5
0	0.0	340	0.000465	0.03488	0	-160.0	836.0	70.0
0	0.0	341	0.00045	0.02884	0	-160.0	836.0	70.5
0	0.0	342	0.000395	0.02216	0	-160.0	836.0	71.0
0	0.0	343	0.000332	0.01332	0	-160.0	836.0	71.5
0	0.0	344	0.000261	0.00528	0	-160.0	836.0	72.0
0	0.0	345	0.000254	-0.00206	0	-160.0	836.0	72.5
0	0.0	346	0.000198	-0.00996	0	-160.0	836.0	73.0
0	0.0	347	0.000192	-0.01616	0	-160.0	836.0	73.5
0	0.0	348	0.00012	-0.02102	0	-160.0	836.0	74.0
0	0.0	349	9.2e-05	-0.02512	0	-160.0	836.0	74.5
0	0.0	350	7.5e-05	-0.02798	0	-160.0	836.0	75.0
0	0.0	351	8.5e-05	-0.02998	0	-160.0	836.0	75.5
0	0.0	352	0.0001	-0.03048	0	-160.0	836.0	76.0
0	0.0	353	0.000109	-0.02856	0	-160.0	836.0	76.5
0	0.0	354	9e-05	-0.02652	0	-160.0	836.0	77.0
0	0.0	355	8.7e-05	-0.02226	0	-160.0	836.0	77.5
0	0.0	356	0.000172	-0.01772	0	-160.0	836.0	78.0
0	0.0	357	0.000223	-0.01044	0	-160.0	836.0	78.5
0	0.0	358	0.000264	-0.0025	0	-160.0	836.0	79.0
0	0.0	359	0.000305	0.00692	0	-160.0	836.0	79.5
0	0.0	360	0.000358	0.01632	0	-160.0	836.0	80.0
0	0.0	361	0.000411	0.02512	0	-160.0	836.0	80.5
0	0.0	362	0.000492	0.03332	0	-160.0	836.0	81.0
0	0.0	363	0.000525	0.03916	0	-160.0	836.0	81.5
0	0.0	364	0.000533	0.04248	0	-160.0	836.0	82.0
0	0.0	365	0.000524	0.04216	0	-160.0	836.0	82.5
0	0.0	366	0.000482	0.03976	0	-160.0	836.0	83.0
0	0.0	367	0.000486	0.03588	0	-160.0	836.0	83.5
0	0.0	368	0.000458	0.02956	0	-160.0	836.0	84.0
0	0.0	369	0.00043	0.02192	0	-160.0	836.0	84.5
0	0.0	370	0.000367	0.01484	0	-160.0	836.0	85.0
0	0.0	371	0.000286	0.00688	0	-160.0	836.0	85.5
0	0.0	372	0.000216	-0.00094	0	-160.0	836.0	86.0
0	0.0	373	0.000223	-0.00752	0	-160.0	836.0	86.5
0	0.0	374	0.000184	-0.01454	0	-160.0	836.0	87.0
0	0.0	375	0.000153	-0.0205	0	-160.0	836.0	87.5
0	0.0	376	8.6e-05	-0.02432	0	-160.0	836.0	88.0
0	0.0	377	6.5e-05	-0.0278	0	-160.0	836.0	88.5
0	0.0	378	7.3e-05	-0.03094	0	-160.0	836.0	89.0
0	0.0	379	7.8e-05	-0.0314	0	-160.0	836.0	89.5
0	0.0	380	7.1e-05	-0.02984	0	-160.0	836.0	90.0
0	0.0	381	9.3e-05	-0.02816	0	-160.0	836.0	90.5
0	0.0	382	0.000106	-0.0244	0	-160.0	836.0	91.0
0	0.0	383	0.000139	-0.01826	0	-160.0	836.0	91.5
0	0.0	384	0.000199	-0.0122	0	-160.0	836.0	92.0
0	0.0	385	0.000267	-0.0043	0	-160.0	836.0	92.5
0	0.0	386	0.000333	0.00572	0	-160.0	836.0	93.0
0	0.0	387	0.000377	0.01506	0	-160.0	836.0	93.5
0	0.0	388	0.000428	0.02448	0	-160.0	836.0	94.0
0	0.0	389	0.00049	0.03258	0	-160.0	836.0	94.5
0	0.0	390	0.000534	0.0384	0	-160.0	836.0	95.0
0	0.0	391	0.000539	0.0413	0	-160.0	836.0	95.5
0	0.0	392	0.000534	0.04176	0	-160.0	836.0	96.0
0	0.0	393	0.000482	0.03914	0	-160.0	836.0	96.5
0	0.0	394	0.000463	0.03496	0	-160.0	836.0	97.0
0	0.0	395	0.000444	0.02946	0	-160.0	836.0	97.5
0	0.0	396	0.000389	0.02182	0	-160.0	836.0	98.0
0	0.0	397	0.000362	0.01454	0	-160.0	836.0	98.5
0	0.0	398	0.000289	0.00668	0	-160.0	836.0	99.0
0	0.0	399	0.000248	-0.0015	0	-160.0	836.0	99.5
0	0.0	400	0.000204	-0.00894	0	-160.0	836.0	100.0
0	1.0	0	0.000339	0.01706	1	-160.0	836.0	-100.0
0	1.0	1	0.00024	-0.00178	1	-160.0	836.0	-99.5
0	1.0	2	0.000314	-0.00076	1	-160.0	836.0	-99.0
0	1.0	3	0.000387	0.00388	1	-160.0	836.0	-98.5
0	1.0	4	0.000427	0.01036	1	-160.0	836.0	-98.0
0	1.0	5	0.000446	0.01744	1	-160.0	836.0	-97.5
0	1.0	6	0.000489	0.02406	1	-160.0	836.0	-97.0
0	1.0	7	0.00055	0.03034	1	-160.0	836.0	-96.5
0	1.0	8	0.000595	0.03568	1	-160.0	836.0	-96.0
0	1.0	9	0.000589	0.0396	1	-160.0	836.0	-95.5
0	1.0	10	0.000602	0.0418	1	-160.0	836.0	-95.0
0	1.0	11	0.000604	0.0409	1	-160.0	836.0	-94.5
0	1.0	12	0.000574	0.0379	1	-160.0	836.0	-94.0
0	1.0	13	0.000529	0.03238	1	-160.0	836.0	-93.5
0	1.0	14	0.000493	0.02454	1	-160.0	836.0	-93.0
0	1.0	15	0.000399	0.0153	1	-160.0	836.0	-92.5
0	1.0	16	0.000368	0.00584	1	-160.0	836.0	-92.0
0	1.0	17	0.000314	-0.0026	1	-160.0	836.0	-91.5
0	1.0	18	0.000277	-0.00978	1	-160.0	836.0	-91.0
0	1.0	19	0.000223	-0.01696	1	-160.0	836.0	-90.5
0	1.0	20	0.000193	-0.0232	1	-160.0	836.0	-90.0
0	1.0	21	0.000194	-0.02794	1	-160.0	836.0	-89.5
0	1.0	22	0.000162	-0.02998	1	-160.0	836.0	-89.0
0	1.0	23	0.000133	-0.03138	1	-160.0	836.0	-88.5
0	1.0	24	0.000137	-0.03226	1	-160.0	836.0	-88.0
0	1.0	25	0.000166	-0.03068	1	-160.0	836.0	-87.5
0	1.0	26	0.000151	-0.02786	1	-160.0	836.0	-87.0
0	1.0	27	0.000227	-0.02446	1	-160.0	836.0	-86.5
0	1.0	28	0.000211	-0.01936	1	-160.0	836.0	-86.0
0	1.0	29	0.00024	-0.01328	1	-160.0	836.0	-85.5
0	1.0	30	0.000298	-0.00732	1	-160.0	836.0	-85.0
0	1.0	31	0.000379	6e-05	1	-160.0	836.0	-84.5
0	1.0	32	0.000454	0.00798	1	-160.0	836.0	-84.0
0	1.0	33	0.000465	0.01554	1	-160.0	836.0	-83.5
0	1.0	34	0.00051	0.02308	1	-160.0	836.0	-83.0
0	1.0	35	0.000553	0.0309	1	-160.0	836.0	-82.5
0	1.0	36	0.00058	0.03602	1	-160.0	836.0	-82.0
0	1.0	37	0.000658	0.04118	1	-160.0	836.0	-81.5
0	1.0	38	0.000663	0.04362	1	-160.0	836.0	-81.0
0	1.0	39	0.000623	0.04174	1	-160.0	836.0	-80.5
0	1.0	40	0.000581	0.03826	1	-160.0	836.0	-80.0
0	1.0	41	0.000549	0.03192	1	-160.0	836.0	-79.5
0	1.0	42	0.000523	0.02372	1	-160.0	836.0	-79.0
0	1.0	43	0.000456	0.01544	1	-160.0	836.0	-78.5
0	1.0	44	0.000387	0.00656	1	-160.0	836.0	-78.0
0	1.0	45	0.000351	-0.00244	1	-160.0	836.0	-77.5
0	1.0	46	0.000279	-0.0102	1	-160.0	836.0	-77.0
0	1.0	47	0.000288	-0.01742	1	-160.0	836.0	-76.5
0	1.0	48	0.000219	-0.02316	1	-160.0	836.0	-76.0
0	1.0	49	0.000135	-0.02702	1	-160.0	836.0	-75.5
0	1.0	50	0.000179	-0.02982	1	-160.0	836.0	-75.0
0	1.0	51	0.000146	-0.0309	1	-160.0	836.0	-74.5
0	1.0	52	0.000174	-0.03088	1	-160.0	836.0	-74.0
0	1.0	53	0.000174	-0.02916	1	-160.0	836.0	-73.5
0	1.0	54	0.000188	-0.02684	1	-160.0	836.0	-73.0
0	1.0	55	0.000201	-0.02282	1	-160.0	836.0	-72.5
0	1.0	56	0.000233	-0.01774	1	-160.0	836.0	-72.0
0	1.0	57	0.000286	-0.01208	1	-160.0	836.0	-71.5
0	1.0	58	0.00031	-0.00524	1	-160.0	836.0	-71.0
0	1.0	59	0.000316	0.00242	1	-160.0	836.0	-70.5
0	1.0	60	0.0004	0.0096	1	-160.0	836.0	-70.0
0	1.0	61	0.000471	0.01842	1	-160.0	836.0	-69.5
0	1.0	62	0.000527	0.02554	1	-160.0	836.0	-69.0
0	1.0	63	0.000547	0.03218	1	-160.0	836.0	-68.5
0	1.0	64	0.000574	0.03768	1	-160.0	836.0	-68.0
0	1.0	65	0.000582	0.0407	1	-160.0	836.0	-67.5
0	1.0	66	0.000593	0.04102	1	-160.0	836.0	-67.0
0	1.0	67	0.000606	0.03994	1	-160.0	836.0	-66.5
0	1.0	68	0.000573	0.03466	1	-160.0	836.0	-66.0
0	1.0	69	0.000501	0.02852	1	-160.0	836.0	-65.5
0	1.0	70	0.000478	0.0201	1	-160.0	836.0	-65.0
0	1.0	71	0.000423	0.01118	1	-160.0	836.0	-64.5
0	1.0	72	0.000391	0.00238	1	-160.0	836.0	-64.0
0	1.0	73	0.000314	-0.00616	1	-160.0	836.0	-63.5
0	1.0	74	0.000232	-0.0131	1	-160.0	836.0	-63.0
0	1.0	75	0.000239	-0.02012	1	-160.0	836.0	-62.5
0	1.0	76	0.000187	-0.02502	1	-160.0	836.0	-62.0
0	1.0	77	0.00016	-0.02956	1	-160.0	836.0	-61.5
0	1.0	78	0.000162	-0.03192	1	-160.0	836.0	-61.0
0	1.0	79	0.000169	-0.03236	1	-160.0	836.0	-60.5
0	1.0	80	0.000153	-0.03142	1	-160.0	836.0	-60.0
0	1.0	81	0.000199	-0.02944	1	-160.0	836.0	-59.5
0	1.0	82	0.000235	-0.02568	1	-160.0	836.0	-59.0
0	1.0	83	0.000227	-0.0215	1	-160.0	836.0	-58.5
0	1.0	84	0.000241	-0.01614	1	-160.0	836.0	-58.0
0	1.0	85	0.000306	-0.01086	1	-160.0	836.0	-57.5
0	1.0	86	0.000326	-0.00348	1	-160.0	836.0	-57.0
0	1.0	87	0.000423	0.00452	1	-160.0	836.0	-56.5
0	1.0	88	0.00043	0.01272	1	-160.0	836.0	-56.0
0	1.0	89	0.000493	0.02058	1	-160.0	836.0	-55.5
0	1.0	90	0.000541	0.02746	1	-160.0	836.0	-55.0
0	1.0	91	0.000608	0.03492	1	-160.0	836.0	-54.5
0	1.0	92	0.000628	0.03952	1	-160.0	836.0	-54.0
0	1.0	93	0.000607	0.0411	1	-160.0	836.0	-53.5
0	1.0	94	0.000602	0.03954	1	-160.0	836.0	-53.0
0	1.0	95	0.000545	0.03726	1	-160.0	836.0	-52.5
0	1.0	96	0.000551	0.03168	1	-160.0	836.0	-52.0
0	1.0	97	0.00052	0.0238	1	-160.0	836.0	-51.5
0	1.0	98	0.000463	0.01528	1	-160.0	836.0	-51.0
0	1.0	99	0.000395	0.00676	1	-160.0	836.0	-50.5
0	1.0	100	0.000309	-0.0025	1	-160.0	836.0	-50.0
0	1.0	101	0.000294	-0.01032	1	-160.0	836.0	-49.5
0	1.0	102	0.000265	-0.01772	1	-160.0	836.0	-49.0
0	1.0	103	0.000268	-0.02276	1	-160.0	836.0	-48.5
0	1.0	104	0.000161	-0.02738	1	-160.0	836.0	-48.0
0	1.0	105	0.000189	-0.03082	1	-160.0	836.0	-47.5
0	1.0	106	0.000138	-0.03278	1	-160.0	836.0	-47.0
0	1.0	107	0.000198	-0.03284	1	-160.0	836.0	-46.5
0	1.0	108	0.000244	-0.03116	1	-160.0	836.0	-46.0
0	1.0	109	0.000206	-0.02982	1	-160.0	836.0	-45.5
0	1.0	110	0.000228	-0.02446	1	-160.0	836.0	-45.0
0	1.0	111	0.000274	-0.02098	1	-160.0	836.0	-44.5
0	1.0	112	0.000305	-0.01332	1	-160.0	836.0	-44.0
0	1.0	113	0.000321	-0.00648	1	-160.0	836.0	-43.5
0	1.0	114	0.000355	0.00064	1	-160.0	836.0	-43.0
0	1.0	115	0.000436	0.01012	1	-160.0	836.0	-42.5
0	1.0	116	0.000497	0.01752	1	-160.0	836.0	-42.0
0	1.0	117	0.00057	0.02602	1	-160.0	836.0	-41.5
0	1.0	118	0.000562	0.0326	1	-160.0	836.0	-41.0
0	1.0	119	0.0006	0.03844	1	-160.0	836.0	-40.5
0	1.0	120	0.000602	0.0416	1	-160.0	836.0	-40.0
0	1.0	121	0.000628	0.04292	1	-160.0	836.0	-39.5
0	1.0	122	0.000649	0.04064	1	-160.0	836.0	-39.0
0	1.0	123	0.000589	0.0348	1	-160.0	836.0	-38.5
0	1.0	124	0.000529	0.02832	1	-160.0	836.0	-38.0
0	1.0	125	0.000425	0.01954	1	-160.0	836.0	-37.5
0	1.0	126	0.000455	0.011	1	-160.0	836.0	-37.0
0	1.0	127	0.000396	0.00256	1	-160.0	836.0	-36.5
0	1.0	128	0.000328	-0.00548	1	-160.0	836.0	-36.0
0	1.0	129	0.000281	-0.01198	1	-160.0	836.0	-35.5
0	1.0	130	0.000206	-0.01856	1	-160.0	836.0	-35.0
0	1.0	131	0.000218	-0.02388	1	-160.0	836.0	-34.5
0	1.0	132	0.000175	-0.02798	1	-160.0	836.0	-34.0
0	1.0	133	0.000138	-0.02984	1	-160.0	836.0	-33.5
0	1.0	134	0.000163	-0.03018	1	-160.0	836.0	-33.0
0	1.0	135	0.000213	-0.02968	1	-160.0	836.0	-32.5
0	1.0	136	0.000229	-0.02876	1	-160.0	836.0	-32.0
0	1.0	137	0.000216	-0.02506	1	-160.0	836.0	-31.5
0	1.0	138	0.000227	-0.02132	1	-160.0	836.0	-31.0
0	1.0	139	0.000238	-0.0154	1	-160.0	836.0	-30.5
0	1.0	140	0.000308	-0.00814	1	-160.0	836.0	-30.0
0	1.0	141	0.000378	-0.00064	1	-160.0	836.0	-29.5
0	1.0	142	0.000409	0.00726	1	-160.0	836.0	-29.0
0	1.0	143	0.000463	0.01546	1	-160.0	836.0	-28.5
0	1.0	144	0.000508	0.02406	1	-160.0	836.0	-28.0
0	1.0	145	0.000552	0.0312	1	-160.0	836.0	-27.5
0	1.0	146	0.000636	0.03692	1	-160.0	836.0	-27.0
0	1.0	147	0.000684	0.04154	1	-160.0	836.0	-26.5
0	1.0	148	0.000627	0.0432	1	-160.0	836.0	-26.0
0	1.0	149	0.000618	0.04152	1	-160.0	836.0	-25.5
0	1.0	150	0.000607	0.03744	1	-160.0	836.0	-25.0
0	1.0	151	0.000566	0.03178	1	-160.0	836.0	-24.5
0	1.0	152	0.000521	0.02334	1	-160.0	836.0	-24.0
0	1.0	153	0.000453	0.0149	1	-160.0	836.0	-23.5
0	1.0	154	0.000404	0.00544	1	-160.0	836.0	-23.0
0	1.0	155	0.000335	-0.00258	1	-160.0	836.0	-22.5
0	1.0	156	0.000291	-0.0107	1	-160.0	836.0	-22.0
0	1.0	157	0.000248	-0.01698	1	-160.0	836.0	-21.5
0	1.0	158	0.000193	-0.02248	1	-160.0	836.0	-21.0
0	1.0	159	0.000197	-0.0269	1	-160.0	836.0	-20.5
0	1.0	160	0.000182	-0.02948	1	-160.0	836.0	-20.0
0	1.0	161	0.000179	-0.03074	1	-160.0	836.0	-19.5
0	1.0	162	0.000189	-0.03062	1	-160.0	836.0	-19.0
0	1.0	163	0.000215	-0.02932	1	-160.0	836.0	-18.5
0	1.0	164	0.0002	-0.02634	1	-160.0	836.0	-18.0
0	1.0	165	0.000189	-0.02216	1	-160.0	836.0	-17.5
0	1.0	166	0.000299	-0.0175	1	-160.0	836.0	-17.0
0	1.0	167	0.000307	-0.0111	1	-160.0	836.0	-16.5
0	1.0	168	0.000345	-0.00382	1	-160.0	836.0	-16.0
0	1.0	169	0.000338	0.00428	1	-160.0	836.0	-15.5
0	1.0	170	0.000468	0.01378	1	-160.0	836.0	-15.0
0	1.0	171	0.000535	0.02082	1	-160.0	836.0	-14.5
0	1.0	172	0.000553	0.02894	1	-160.0	836.0	-14.0
0	1.0	173	0.000588	0.03506	1	-160.0	836.0	-13.5
0	1.0	174	0.000596	0.0401	1	-160.0	836.0	-13.0
0	1.0	175	0.000653	0.04298	1	-160.0	836.0	-12.5
0	1.0	176	0.000603	0.04178	1	-160.0	836.0	-12.0
0	1.0	177	0.0006	0.03884	1	-160.0	836.0	-11.5
0	1.0	178	0.000548	0.03394	1	-160.0	836.0	-11.0
0	1.0	179	0.000518	0.02582	1	-160.0	836.0	-10.5
0	1.0	180	0.000483	0.0161	1	-160.0	836.0	-10.0
0	1.0	181	0.000396	0.00708	1	-160.0	836.0	-9.5
0	1.0	182	0.000338	-0.00094	1	-160.0	836.0	-9.0
0	1.0	183	0.000311	-0.00906	1	-160.0	836.0	-8.5
0	1.0	184	0.000279	-0.01574	1	-160.0	836.0	-8.0
0	1.0	185	0.000196	-0.02162	1	-160.0	836.0	-7.5
0	1.0	186	0.000245	-0.02612	1	-160.0	836.0	-7.0
0	1.0	187	0.000196	-0.02852	1	-160.0	836.0	-6.5
0	1.0	188	0.000169	-0.03096	1	-160.0	836.0	-6.0
0	1.0	189	0.000178	-0.03078	1	-160.0	836.0	-5.5
0	1.0	190	0.0002	-0.03044	1	-160.0	836.0	-5.0
0	1.0	191	0.000252	-0.02846	1	-160.0	836.0	-4.5
0	1.0	192	0.000212	-0.02448	1	-160.0	836.0	-4.0
0	1.0	193	0.000247	-0.02056	1	-160.0	836.0	-3.5
0	1.0	194	0.000319	-0.01378	1	-160.0	836.0	-3.0
0	1.0	195	0.000345	-0.00734	1	-160.0	836.0	-2.5
0	1.0	196	0.000426	0.00152	1	-160.0	836.0	-2.0
0	1.0	197	0.000449	0.00944	1	-160.0	836.0	-1.5
0	1.0	198	0.000514	0.01812	1	-160.0	836.0	-1.0
0	1.0	199	0.000548	0.02556	1	-160.0	836.0	-0.5
0	1.0	200	0.000573	0.03212	1	-160.0	836.0	7.979728000000001e-14
0	1.0	201	0.000595	0.03666	1	-160.0	836.0	0.5
0	1.0	202	0.000657	0.03868	1	-160.0	836.0	1.0
0	1.0	203	0.000616	0.03824	1	-160.0	836.0	1.5
0	1.0	204	0.000607	0.03494	1	-160.0	836.0	2.0
0	1.0	205	0.000549	0.03024	1	-160.0	836.0	2.5
0	1.0	206	0.000519	0.02304	1	-160.0	836.0	3.0
0	1.0	207	0.00048	0.01458	1	-160.0	836.0	3.5
0	1.0	208	0.000368	0.00632	1	-160.0	836.0	4.0
0	1.0	209	0.000346	-0.00232	1	-160.0	836.0	4.5
0	1.0	210	0.00031	-0.01008	1	-160.0	836.0	5.0
0	1.0	211	0.000222	-0.0169	1	-160.0	836.0	5.5
0	1.0	212	0.000186	-0.02214	1	-160.0	836.0	6.0
0	1.0	213	0.000122	-0.02614	1	-160.0	836.0	6.5
0	1.0	214	0.000204	-0.02892	1	-160.0	836.0	7.0
0	1.0	215	0.000205	-0.03032	1	-160.0	836.0	7.5
0	1.0	216	0.000183	-0.03188	1	-160.0	836.0	8.0
0	1.0	217	0.000171	-0.03096	1	-160.0	836.0	8.5
0	1.0	218	0.000139	-0.02884	1	-160.0	836.0	9.0
0	1.0	219	0.000225	-0.02484	1	-160.0	836.0	9.5
0	1.0	220	0.000257	-0.01932	1	-160.0	836.0	10.0
0	1.0	221	0.000309	-0.01358	1	-160.0	836.0	10.5
0	1.0	222	0.000372	-0.00548	1	-160.0	836.0	11.0
0	1.0	223	0.000389	0.00258	1	-160.0	836.0	11.5
0	1.0	224	0.000421	0.01102	1	-160.0	836.0	12.0
0	1.0	225	0.000464	0.01932	1	-160.0	836.0	12.5
0	1.0	226	0.00053	0.02674	1	-160.0	836.0	13.0
0	1.0	227	0.000572	0.03418	1	-160.0	836.0	13.5
0	1.0	228	0.00061	0.03922	1	-160.0	836.0	14.0
0	1.0	229	0.000621	0.0414	1	-160.0	836.0	14.5
0	1.0	230	0.000631	0.04146	1	-160.0	836.0	15.0
0	1.0	231	0.000598	0.03858	1	-160.0	836.0	15.5
0	1.0	232	0.000596	0.03338	1	-160.0	836.0	16.0
0	1.0	233	0.000525	0.0263	1	-160.0	836.0	16.5
0	1.0	234	0.00049	0.01832	1	-160.0	836.0	17.0
0	1.0	235	0.000467	0.00868	1	-160.0	836.0	17.5
0	1.0	236	0.000369	-0.0001	1	-160.0	836.0	18.0
0	1.0	237	0.000305	-0.00682	1	-160.0	836.0	18.5
0	1.0	238	0.00026	-0.01424	1	-160.0	836.0	19.0
0	1.0	239	0.00028	-0.02056	1	-160.0	836.0	19.5
0	1.0	240	0.00026	-0.02468	1	-160.0	836.0	20.0
0	1.0	241	0.000221	-0.02842	1	-160.0	836.0	20.5
0	1.0	242	0.000195	-0.0306	1	-160.0	836.0	21.0
0	1.0	243	0.000179	-0.03116	1	-160.0	836.0	21.5
0	1.0	244	0.000206	-0.03048	1	-160.0	836.0	22.0
0	1.0	245	0.000239	-0.028	1	-160.0	836.0	22.5
0	1.0	246	0.000263	-0.02532	1	-160.0	836.0	23.0
0	1.0	247	0.000269	-0.02084	1	-160.0	836.0	23.5
0	1.0	248	0.000362	-0.01376	1	-160.0	836.0	24.0
0	1.0	249	0.000377	-0.00676	1	-160.0	836.0	24.5
0	1.0	250	0.000413	0.00086	1	-160.0	836.0	25.0
0	1.0	251	0.000448	0.0095	1	-160.0	836.0	25.5
0	1.0	252	0.000499	0.01736	1	-160.0	836.0	26.0
0	1.0	253	0.000569	0.02732	1	-160.0	836.0	26.5
0	1.0	254	0.00061	0.03416	1	-160.0	836.0	27.0
0	1.0	255	0.000614	0.0388	1	-160.0	836.0	27.5
0	1.0	256	0.000621	0.0409	1	-160.0	836.0	28.0
0	1.0	257	0.000581	0.0409	1	-160.0	836.0	28.5
0	1.0	258	0.000617	0.03846	1	-160.0	836.0	29.0
0	1.0	259	0.00056	0.03354	1	-160.0	836.0	29.5
0	1.0	260	0.000513	0.02716	1	-160.0	836.0	30.0
0	1.0	261	0.000477	0.01928	1	-160.0	836.0	30.5
0	1.0	262	0.000434	0.01064	1	-160.0	836.0	31.0
0	1.0	263	0.000346	0.00062	1	-160.0	836.0	31.5
0	1.0	264	0.000314	-0.00708	1	-160.0	836.0	32.0
0	1.0	265	0.000273	-0.01422	1	-160.0	836.0	32.5
0	1.0	266	0.000221	-0.02004	1	-160.0	836.0	33.0
0	1.0	267	0.00021	-0.02496	1	-160.0	836.0	33.5
0	1.0	268	0.000177	-0.02908	1	-160.0	836.0	34.0
0	1.0	269	0.000178	-0.03076	1	-160.0	836.0	34.5
0	1.0	270	0.000166	-0.0312	1	-160.0	836.0	35.0
0	1.0	271	0.000166	-0.03098	1	-160.0	836.0	35.5
0	1.0	272	0.000202	-0.02892	1	-160.0	836.0	36.0
0	1.0	273	0.000207	-0.02592	1	-160.0	836.0	36.5
0	1.0	274	0.000255	-0.0208	1	-160.0	836.0	37.0
0	1.0	275	0.0003	-0.0154	1	-160.0	836.0	37.5
0	1.0	276	0.000353	-0.0087	1	-160.0	836.0	38.0
0	1.0	277	0.000396	0.00072	1	-160.0	836.0	38.5
0	1.0	278	0.000456	0.00978	1	-160.0	836.0	39.0
0	1.0	279	0.000556	0.01858	1	-160.0	836.0	39.5
0	1.0	280	0.000553	0.02686	1	-160.0	836.0	40.0
0	1.0	281	0.0006	0.034	1	-160.0	836.0	40.5
0	1.0	282	0.000649	0.03912	1	-160.0	836.0	41.0
0	1.0	283	0.000654	0.04248	1	-160.0	836.0	41.5
0	1.0	284	0.000702	0.04248	1	-160.0	836.0	42.0
0	1.0	285	0.000641	0.03982	1	-160.0	836.0	42.5
0	1.0	286	0.000603	0.0342	1	-160.0	836.0	43.0
0	1.0	287	0.000542	0.0282	1	-160.0	836.0	43.5
0	1.0	288	0.000502	0.02002	1	-160.0	836.0	44.0
0	1.0	289	0.000451	0.0118	1	-160.0	836.0	44.5
0	1.0	290	0.000405	0.00368	1	-160.0	836.0	45.0
0	1.0	291	0.000341	-0.00438	1	-160.0	836.0	45.5
0	1.0	292	0.000286	-0.01192	1	-160.0	836.0	46.0
0	1.0	293	0.000274	-0.01854	1	-160.0	836.0	46.5
0	1.0	294	0.000232	-0.0238	1	-160.0	836.0	47.0
0	1.0	295	0.000207	-0.02776	1	-160.0	836.0	47.5
0	1.0	296	0.000213	-0.03028	1	-160.0	836.0	48.0
0	1.0	297	0.000174	-0.03208	1	-160.0	836.0	48.5
0	1.0	298	0.000186	-0.03156	1	-160.0	836.0	49.0
0	1.0	299	0.000216	-0.02984	1	-160.0	836.0	49.5
0	1.0	300	0.000214	-0.02612	1	-160.0	836.0	50.0
0	1.0	301	0.000247	-0.0224	1	-160.0	836.0	50.5
0	1.0	302	0.000306	-0.01618	1	-160.0	836.0	51.0
0	1.0	303	0.00031	-0.0086	1	-160.0	836.0	51.5
0	1.0	304	0.000394	-0.00052	1	-160.0	836.0	52.0
0	1.0	305	0.000448	0.00882	1	-160.0	836.0	52.5
0	1.0	306	0.000475	0.01776	1	-160.0	836.0	53.0
0	1.0	307	0.000525	0.02674	1	-160.0	836.0	53.5
0	1.0	308	0.000614	0.0341	1	-160.0	836.0	54.0
0	1.0	309	0.000622	0.03862	1	-160.0	836.0	54.5
0	1.0	310	0.00062	0.04072	1	-160.0	836.0	55.0
0	1.0	311	0.000616	0.0407	1	-160.0	836.0	55.5
0	1.0	312	0.000569	0.03844	1	-160.0	836.0	56.0
0	1.0	313	0.000582	0.03344	1	-160.0	836.0	56.5
0	1.0	314	0.000547	0.02672	1	-160.0	836.0	57.0
0	1.0	315	0.000458	0.01906	1	-160.0	836.0	57.5
0	1.0	316	0.000432	0.01092	1	-160.0	836.0	58.0
0	1.0	317	0.000393	0.00244	1	-160.0	836.0	58.5
0	1.0	318	0.000344	-0.00476	1	-160.0	836.0	59.0
0	1.0	319	0.000261	-0.0128	1	-160.0	836.0	59.5
0	1.0	320	0.000228	-0.01882	1	-160.0	836.0	60.0
0	1.0	321	0.000196	-0.02396	1	-160.0	836.0	60.5
0	1.0	322	0.000233	-0.02756	1	-160.0	836.0	61.0
0	1.0	323	0.000203	-0.03068	1	-160.0	836.0	61.5
0	1.0	324	0.000165	-0.03168	1	-160.0	836.0	62.0
0	1.0	325	0.000153	-0.03236	1	-160.0	836.0	62.5
0	1.0	326	0.000208	-0.03082	1	-160.0	836.0	63.0
0	1.0	327	0.000236	-0.02844	1	-160.0	836.0	63.5
0	1.0	328	0.000374	-0.0233	1	-160.0	836.0	64.0
0	1.0	329	0.00032	-0.01716	1	-160.0	836.0	64.5
0	1.0	330	0.000328	-0.00976	1	-160.0	836.0	65.0
0	1.0	331	0.000394	-0.00132	1	-160.0	836.0	65.5
0	1.0	332	0.00045	0.00746	1	-160.0	836.0	66.0
0	1.0	333	0.000509	0.01764	1	-160.0	836.0	66.5
0	1.0	334	0.000549	0.02562	1	-160.0	836.0	67.0
0	1.0	335	0.000606	0.0329	1	-160.0	836.0	67.5
0	1.0	336	0.000626	0.03828	1	-160.0	836.0	68.0
0	1.0	337	0.000639	0.04112	1	-160.0	836.0	68.5
0	1.0	338	0.000636	0.04144	1	-160.0	836.0	69.0
0	1.0	339	0.000648	0.03878	1	-160.0	836.0	69.5
0	1.0	340	0.000572	0.03394	1	-160.0	836.0	70.0
0	1.0	341	0.000576	0.02748	1	-160.0	836.0	70.5
0	1.0	342	0.000516	0.02018	1	-160.0	836.0	71.0
0	1.0	343	0.000432	0.01262	1	-160.0	836.0	71.5
0	1.0	344	0.000414	0.00404	1	-160.0	836.0	72.0
0	1.0	345	0.000327	-0.00324	1	-160.0	836.0	72.5
0	1.0	346	0.000286	-0.0113	1	-160.0	836.0	73.0
0	1.0	347	0.000284	-0.01726	1	-160.0	836.0	73.5
0	1.0	348	0.000265	-0.02244	1	-160.0	836.0	74.0
0	1.0	349	0.000194	-0.0264	1	-160.0	836.0	74.5
0	1.0	350	0.000168	-0.02884	1	-160.0	836.0	75.0
0	1.0	351	0.000169	-0.03034	1	-160.0	836.0	75.5
0	1.0	352	0.000191	-0.0317	1	-160.0	836.0	76.0
0	1.0	353	0.000193	-0.03044	1	-160.0	836.0	76.5
0	1.0	354	0.00022	-0.02828	1	-160.0	836.0	77.0
0	1.0	355	0.000206	-0.02382	1	-160.0	836.0	77.5
0	1.0	356	0.000307	-0.01742	1	-160.0	836.0	78.0
0	1.0	357	0.000323	-0.01	1	-160.0	836.0	78.5
0	1.0	358	0.000395	-0.00208	1	-160.0	836.0	79.0
0	1.0	359	0.000438	0.0072	1	-160.0	836.0	79.5
0	1.0	360	0.000487	0.0162	1	-160.0	836.0	80.0
0	1.0	361	0.00055	0.02442	1	-160.0	836.0	80.5
0	1.0	362	0.000595	0.03298	1	-160.0	836.0	81.0
0	1.0	363	0.000618	0.03832	1	-160.0	836.0	81.5
0	1.0	364	0.000624	0.04076	1	-160.0	836.0	82.0
0	1.0	365	0.000636	0.04128	1	-160.0	836.0	82.5
0	1.0	366	0.00064	0.03936	1	-160.0	836.0	83.0
0	1.0	367	0.000633	0.03504	1	-160.0	836.0	83.5
0	1.0	368	0.000559	0.02932	1	-160.0	836.0	84.0
0	1.0	369	0.000477	0.02148	1	-160.0	836.0	84.5
0	1.0	370	0.000499	0.01328	1	-160.0	836.0	85.0
0	1.0	371	0.000414	0.00518	1	-160.0	836.0	85.5
0	1.0	372	0.0004	-0.00188	1	-160.0	836.0	86.0
0	1.0	373	0.000327	-0.00928	1	-160.0	836.0	86.5
0	1.0	374	0.000274	-0.01624	1	-160.0	836.0	87.0
0	1.0	375	0.00023	-0.02244	1	-160.0	836.0	87.5
0	1.0	376	0.000213	-0.0272	1	-160.0	836.0	88.0
0	1.0	377	0.00026	-0.03016	1	-160.0	836.0	88.5
0	1.0	378	0.000231	-0.03102	1	-160.0	836.0	89.0
0	1.0	379	0.000204	-0.0314	1	-160.0	836.0	89.5
0	1.0	380	0.000239	-0.03	1	-160.0	836.0	90.0
0	1.0	381	0.00027	-0.02714	1	-160.0	836.0	90.5
0	1.0	382	0.000215	-0.02358	1	-160.0	836.0	91.0
0	1.0	383	0.000276	-0.01814	1	-160.0	836.0	91.5
0	1.0	384	0.000351	-0.01118	1	-160.0	836.0	92.0
0	1.0	385	0.000395	-0.00294	1	-160.0	836.0	92.5
0	1.0	386	0.000481	0.00586	1	-160.0	836.0	93.0
0	1.0	387	0.000473	0.0153	1	-160.0	836.0	93.5
0	1.0	388	0.000536	0.02522	1	-160.0	836.0	94.0
0	1.0	389	0.000601	0.03314	1	-160.0	836.0	94.5
0	1.0	390	0.000643	0.0389	1	-160.0	836.0	95.0
0	1.0	391	0.000672	0.04106	1	-160.0	836.0	95.5
0	1.0	392	0.000615	0.04172	1	-160.0	836.0	96.0
0	1.0	393	0.000637	0.03942	1	-160.0	836.0	96.5
0	1.0	394	0.000591	0.03534	1	-160.0	836.0	97.0
0	1.0	395	0.000567	0.02912	1	-160.0	836.0	97.5
0	1.0	396	0.000528	0.02224	1	-160.0	836.0	98.0
0	1.0	397	0.000448	0.01466	1	-160.0	836.0	98.5
0	1.0	398	0.000443	0.00658	1	-160.0	836.0	99.0
0	1.0	399	0.000435	-0.00106	1	-160.0	836.0	99.5
0	1.0	400	0.00035	-0.00806	1	-160.0	836.0	100.0
0	2.0	0	0.000644	0.01694	2	-160.0	836.17	-100.0
0	2.0	1	0.000686	-0.00198	2	-160.0	836.17	-99.5
0	2.0	2	0.000704	-0.00116	2	-160.0	836.17	-99.0
0	2.0	3	0.000705	0.00336	2	-160.0	836.17	-98.5
0	2.0	4	0.000777	0.00894	2	-160.0	836.17	-98.0
0	2.0	5	0.000779	0.01498	2	-160.0	836.17	-97.5
0	2.0	6	0.000832	0.02264	2	-160.0	836.17	-97.0
0	2.0	7	0.000815	0.02818	2	-160.0	836.17	-96.5
0	2.0	8	0.000871	0.03298	2	-160.0	836.17	-96.0
0	2.0	9	0.000929	0.03732	2	-160.0	836.17	-95.5
0	2.0	10	0.000958	0.0401	2	-160.0	836.17	-95.0
0	2.0	11	0.000925	0.04	2	-160.0	836.17	-94.5
0	2.0	12	0.000903	0.03652	2	-160.0	836.17	-94.0
0	2.0	13	0.000868	0.0318	2	-160.0	836.17	-93.5
0	2.0	14	0.00086	0.02422	2	-160.0	836.17	-93.0
0	2.0	15	0.000807	0.01662	2	-160.0	836.17	-92.5
0	2.0	16	0.000685	0.00782	2	-160.0	836.17	-92.0
0	2.0	17	0.000722	-0.00044	2	-160.0	836.17	-91.5
0	2.0	18	0.000649	-0.00804	2	-160.0	836.17	-91.0
0	2.0	19	0.000626	-0.015	2	-160.0	836.17	-90.5
0	2.0	20	0.000572	-0.02068	2	-160.0	836.17	-90.0
0	2.0	21	0.000549	-0.02366	2	-160.0	836.17	-89.5
0	2.0	22	0.000518	-0.02584	2	-160.0	836.17	-89.0
0	2.0	23	0.00049	-0.02836	2	-160.0	836.17	-88.5
0	2.0	24	0.000547	-0.02802	2	-160.0	836.17	-88.0
0	2.0	25	0.000536	-0.02686	2	-160.0	836.17	-87.5
0	2.0	26	0.000529	-0.02422	2	-160.0	836.17	-87.0
0	2.0	27	0.000549	-0.02066	2	-160.0	836.17	-86.5
0	2.0	28	0.000626	-0.01712	2	-160.0	836.17	-86.0
0	2.0	29	0.000617	-0.0118	2	-160.0	836.17	-85.5
0	2.0	30	0.000664	-0.00484	2	-160.0	836.17	-85.0
0	2.0	31	0.000728	0.00072	2	-160.0	836.17	-84.5
0	2.0	32	0.000766	0.00856	2	-160.0	836.17	-84.0
0	2.0	33	0.000763	0.01586	2	-160.0	836.17	-83.5
0	2.0	34	0.000841	0.02314	2	-160.0	836.17	-83.0
0	2.0	35	0.000883	0.02966	2	-160.0	836.17	-82.5
0	2.0	36	0.000931	0.03488	2	-160.0	836.17	-82.0
0	2.0	37	0.000923	0.03902	2	-160.0	836.17	-81.5
0	2.0	38	0.00095	0.04104	2	-160.0	836.17	-81.0
0	2.0	39	0.000966	0.0406	2	-160.0	836.17	-80.5
0	2.0	40	0.000931	0.03792	2	-160.0	836.17	-80.0
0	2.0	41	0.000862	0.03182	2	-160.0	836.17	-79.5
0	2.0	42	0.000826	0.02448	2	-160.0	836.17	-79.0
0	2.0	43	0.000777	0.0159	2	-160.0	836.17	-78.5
0	2.0	44	0.000691	0.0069	2	-160.0	836.17	-78.0
0	2.0	45	0.000698	-0.00148	2	-160.0	836.17	-77.5
0	2.0	46	0.000637	-0.00854	2	-160.0	836.17	-77.0
0	2.0	47	0.000602	-0.01474	2	-160.0	836.17	-76.5
0	2.0	48	0.000578	-0.0205	2	-160.0	836.17	-76.0
0	2.0	49	0.000541	-0.0254	2	-160.0	836.17	-75.5
0	2.0	50	0.000513	-0.02736	2	-160.0	836.17	-75.0
0	2.0	51	0.000533	-0.0284	2	-160.0	836.17	-74.5
0	2.0	52	0.00056	-0.0276	2	-160.0	836.17	-74.0
0	2.0	53	0.000517	-0.02782	2	-160.0	836.17	-73.5
0	2.0	54	0.000507	-0.02514	2	-160.0	836.17	-73.0
0	2.0	55	0.000561	-0.02136	2	-160.0	836.17	-72.5
0	2.0	56	0.000621	-0.017	2	-160.0	836.17	-72.0
0	2.0	57	0.00059	-0.01138	2	-160.0	836.17	-71.5
0	2.0	58	0.000641	-0.00446	2	-160.0	836.17	-71.0
0	2.0	59	0.000708	0.00188	2	-160.0	836.17	-70.5
0	2.0	60	0.000733	0.00906	2	-160.0	836.17	-70.0
0	2.0	61	0.000849	0.01674	2	-160.0	836.17	-69.5
0	2.0	62	0.000904	0.02364	2	-160.0	836.17	-69.0
0	2.0	63	0.000906	0.02978	2	-160.0	836.17	-68.5
0	2.0	64	0.000933	0.03574	2	-160.0	836.17	-68.0
0	2.0	65	0.000917	0.03874	2	-160.0	836.17	-67.5
0	2.0	66	0.000904	0.0401	2	-160.0	836.17	-67.0
0	2.0	67	0.000931	0.03858	2	-160.0	836.17	-66.5
0	2.0	68	0.000948	0.0339	2	-160.0	836.17	-66.0
0	2.0	69	0.000869	0.02804	2	-160.0	836.17	-65.5
0	2.0	70	0.000814	0.0208	2	-160.0	836.17	-65.0
0	2.0	71	0.000771	0.01192	2	-160.0	836.17	-64.5
0	2.0	72	0.000707	0.00382	2	-160.0	836.17	-64.0
0	2.0	73	0.00062	-0.00478	2	-160.0	836.17	-63.5
0	2.0	74	0.000635	-0.0125	2	-160.0	836.17	-63.0
0	2.0	75	0.0006	-0.01862	2	-160.0	836.17	-62.5
0	2.0	76	0.000555	-0.02218	2	-160.0	836.17	-62.0
0	2.0	77	0.000534	-0.02614	2	-160.0	836.17	-61.5
0	2.0	78	0.000556	-0.02836	2	-160.0	836.17	-61.0
0	2.0	79	0.000482	-0.0298	2	-160.0	836.17	-60.5
0	2.0	80	0.000529	-0.02906	2	-160.0	836.17	-60.0
0	2.0	81	0.000568	-0.0277	2	-160.0	836.17	-59.5
0	2.0	82	0.000571	-0.02386	2	-160.0	836.17	-59.0
0	2.0	83	0.000554	-0.02076	2	-160.0	836.17	-58.5
0	2.0	84	0.000566	-0.01546	2	-160.0	836.17	-58.0
0	2.0	85	0.000634	-0.00922	2	-160.0	836.17	-57.5
0	2.0	86	0.000653	-0.00306	2	-160.0	836.17	-57.0
0	2.0	87	0.000749	0.00396	2	-160.0	836.17	-56.5
0	2.0	88	0.00078	0.01202	2	-160.0	836.17	-56.0
0	2.0	89	0.000837	0.0197	2	-160.0	836.17	-55.5
0	2.0	90	0.000897	0.02684	2	-160.0	836.17	-55.0
0	2.0	91	0.000892	0.03336	2	-160.0	836.17	-54.5
0	2.0	92	0.000943	0.03748	2	-160.0	836.17	-54.0
0	2.0	93	0.00095	0.04012	2	-160.0	836.17	-53.5
0	2.0	94	0.000917	0.03938	2	-160.0	836.17	-53.0
0	2.0	95	0.000946	0.03668	2	-160.0	836.17	-52.5
0	2.0	96	0.000895	0.03028	2	-160.0	836.17	-52.0
0	2.0	97	0.000862	0.02308	2	-160.0	836.17	-51.5
0	2.0	98	0.000794	0.01534	2	-160.0	836.17	-51.0
0	2.0	99	0.000723	0.00712	2	-160.0	836.17	-50.5
0	2.0	100	0.000697	-0.00068	2	-160.0	836.17	-50.0
0	2.0	101	0.000699	-0.00846	2	-160.0	836.17	-49.5
0	2.0	102	0.000655	-0.0149	2	-160.0	836.17	-49.0
0	2.0	103	0.000583	-0.02012	2	-160.0	836.17	-48.5
0	2.0	104	0.00054	-0.02486	2	-160.0	836.17	-48.0
0	2.0	105	0.000528	-0.02788	2	-160.0	836.17	-47.5
0	2.0	106	0.000487	-0.02978	2	-160.0	836.17	-47.0
0	2.0	107	0.000453	-0.03014	2	-160.0	836.17	-46.5
0	2.0	108	0.000516	-0.02942	2	-160.0	836.17	-46.0
0	2.0	109	0.000568	-0.02684	2	-160.0	836.17	-45.5
0	2.0	110	0.00054	-0.02282	2	-160.0	836.17	-45.0
0	2.0	111	0.000604	-0.01868	2	-160.0	836.17	-44.5
0	2.0	112	0.000621	-0.0119	2	-160.0	836.17	-44.0
0	2.0	113	0.000677	-0.0061	2	-160.0	836.17	-43.5
0	2.0	114	0.000667	0.00128	2	-160.0	836.17	-43.0
0	2.0	115	0.000775	0.00946	2	-160.0	836.17	-42.5
0	2.0	116	0.000821	0.01762	2	-160.0	836.17	-42.0
0	2.0	117	0.000895	0.02436	2	-160.0	836.17	-41.5
0	2.0	118	0.000896	0.03134	2	-160.0	836.17	-41.0
0	2.0	119	0.000923	0.03572	2	-160.0	836.17	-40.5
0	2.0	120	0.000945	0.03904	2	-160.0	836.17	-40.0
0	2.0	121	0.000932	0.03992	2	-160.0	836.17	-39.5
0	2.0	122	0.000909	0.03824	2	-160.0	836.17	-39.0
0	2.0	123	0.00089	0.03324	2	-160.0	836.17	-38.5
0	2.0	124	0.000882	0.02582	2	-160.0	836.17	-38.0
0	2.0	125	0.00083	0.01828	2	-160.0	836.17	-37.5
0	2.0	126	0.00074	0.01018	2	-160.0	836.17	-37.0
0	2.0	127	0.000732	0.00188	2	-160.0	836.17	-36.5
0	2.0	128	0.000627	-0.00572	2	-160.0	836.17	-36.0
0	2.0	129	0.000645	-0.01336	2	-160.0	836.17	-35.5
0	2.0	130	0.000565	-0.01872	2	-160.0	836.17	-35.0
0	2.0	131	0.000548	-0.02344	2	-160.0	836.17	-34.5
0	2.0	132	0.000532	-0.0267	2	-160.0	836.17	-34.0
0	2.0	133	0.000531	-0.02824	2	-160.0	836.17	-33.5
0	2.0	134	0.000522	-0.0291	2	-160.0	836.17	-33.0
0	2.0	135	0.000515	-0.03012	2	-160.0	836.17	-32.5
0	2.0	136	0.000539	-0.027	2	-160.0	836.17	-32.0
0	2.0	137	0.000571	-0.02386	2	-160.0	836.17	-31.5
0	2.0	138	0.000626	-0.0198	2	-160.0	836.17	-31.0
0	2.0	139	0.000662	-0.01474	2	-160.0	836.17	-30.5
0	2.0	140	0.000674	-0.00794	2	-160.0	836.17	-30.0
0	2.0	141	0.00065	-0.00126	2	-160.0	836.17	-29.5
0	2.0	142	0.000761	0.00668	2	-160.0	836.17	-29.0
0	2.0	143	0.000829	0.01496	2	-160.0	836.17	-28.5
0	2.0	144	0.000857	0.02266	2	-160.0	836.17	-28.0
0	2.0	145	0.000936	0.03044	2	-160.0	836.17	-27.5
0	2.0	146	0.000963	0.03592	2	-160.0	836.17	-27.0
0	2.0	147	0.00097	0.03932	2	-160.0	836.17	-26.5
0	2.0	148	0.000952	0.04074	2	-160.0	836.17	-26.0
0	2.0	149	0.000974	0.03978	2	-160.0	836.17	-25.5
0	2.0	150	0.000959	0.0363	2	-160.0	836.17	-25.0
0	2.0	151	0.000896	0.03034	2	-160.0	836.17	-24.5
0	2.0	152	0.000855	0.02258	2	-160.0	836.17	-24.0
0	2.0	153	0.000785	0.01416	2	-160.0	836.17	-23.5
0	2.0	154	0.00074	0.00552	2	-160.0	836.17	-23.0
0	2.0	155	0.000639	-0.00296	2	-160.0	836.17	-22.5
0	2.0	156	0.000598	-0.00972	2	-160.0	836.17	-22.0
0	2.0	157	0.000598	-0.01572	2	-160.0	836.17	-21.5
0	2.0	158	0.000559	-0.02028	2	-160.0	836.17	-21.0
0	2.0	159	0.000582	-0.02354	2	-160.0	836.17	-20.5
0	2.0	160	0.000543	-0.02662	2	-160.0	836.17	-20.0
0	2.0	161	0.000543	-0.02792	2	-160.0	836.17	-19.5
0	2.0	162	0.000547	-0.02754	2	-160.0	836.17	-19.0
0	2.0	163	0.000544	-0.026	2	-160.0	836.17	-18.5
0	2.0	164	0.000568	-0.0236	2	-160.0	836.17	-18.0
0	2.0	165	0.000562	-0.0201	2	-160.0	836.17	-17.5
0	2.0	166	0.000615	-0.01548	2	-160.0	836.17	-17.0
0	2.0	167	0.000639	-0.00922	2	-160.0	836.17	-16.5
0	2.0	168	0.000694	-0.002	2	-160.0	836.17	-16.0
0	2.0	169	0.000791	0.00612	2	-160.0	836.17	-15.5
0	2.0	170	0.000799	0.01456	2	-160.0	836.17	-15.0
0	2.0	171	0.000872	0.02146	2	-160.0	836.17	-14.5
0	2.0	172	0.000922	0.0293	2	-160.0	836.17	-14.0
0	2.0	173	0.000976	0.03526	2	-160.0	836.17	-13.5
0	2.0	174	0.000936	0.03884	2	-160.0	836.17	-13.0
0	2.0	175	0.001012	0.04098	2	-160.0	836.17	-12.5
0	2.0	176	0.000977	0.04048	2	-160.0	836.17	-12.0
0	2.0	177	0.00094	0.0375	2	-160.0	836.17	-11.5
0	2.0	178	0.000891	0.0319	2	-160.0	836.17	-11.0
0	2.0	179	0.000846	0.02438	2	-160.0	836.17	-10.5
0	2.0	180	0.000764	0.0154	2	-160.0	836.17	-10.0
0	2.0	181	0.00075	0.00688	2	-160.0	836.17	-9.5
0	2.0	182	0.000725	-0.0005	2	-160.0	836.17	-9.0
0	2.0	183	0.000652	-0.00828	2	-160.0	836.17	-8.5
0	2.0	184	0.000622	-0.01468	2	-160.0	836.17	-8.0
0	2.0	185	0.000605	-0.01948	2	-160.0	836.17	-7.5
0	2.0	186	0.000572	-0.02362	2	-160.0	836.17	-7.0
0	2.0	187	0.000541	-0.0262	2	-160.0	836.17	-6.5
0	2.0	188	0.00059	-0.0285	2	-160.0	836.17	-6.0
0	2.0	189	0.000529	-0.0291	2	-160.0	836.17	-5.5
0	2.0	190	0.000539	-0.02772	2	-160.0	836.17	-5.0
0	2.0	191	0.000546	-0.02616	2	-160.0	836.17	-4.5
0	2.0	192	0.000538	-0.0222	2	-160.0	836.17	-4.0
0	2.0	193	0.000674	-0.01656	2	-160.0	836.17	-3.5
0	2.0	194	0.000692	-0.01102	2	-160.0	836.17	-3.0
0	2.0	195	0.000711	-0.00428	2	-160.0	836.17	-2.5
0	2.0	196	0.000748	0.00372	2	-160.0	836.17	-2.0
0	2.0	197	0.000836	0.01132	2	-160.0	836.17	-1.5
0	2.0	198	0.000878	0.01964	2	-160.0	836.17	-1.0
0	2.0	199	0.000917	0.0275	2	-160.0	836.17	-0.5
0	2.0	200	0.000892	0.03312	2	-160.0	836.17	7.979728000000001e-14
0	2.0	201	0.000995	0.03706	2	-160.0	836.17	0.5
0	2.0	202	0.000978	0.03944	2	-160.0	836.17	1.0
0	2.0	203	0.000984	0.03848	2	-160.0	836.17	1.5
0	2.0	204	0.000904	0.0351	2	-160.0	836.17	2.0
0	2.0	205	0.0009	0.02928	2	-160.0	836.17	2.5
0	2.0	206	0.000828	0.0231	2	-160.0	836.17	3.0
0	2.0	207	0.000842	0.0147	2	-160.0	836.17	3.5
0	2.0	208	0.000754	0.00632	2	-160.0	836.17	4.0
0	2.0	209	0.000697	-0.0015	2	-160.0	836.17	4.5
0	2.0	210	0.000706	-0.0084	2	-160.0	836.17	5.0
0	2.0	211	0.000608	-0.01486	2	-160.0	836.17	5.5
0	2.0	212	0.000568	-0.01982	2	-160.0	836.17	6.0
0	2.0	213	0.000545	-0.02446	2	-160.0	836.17	6.5
0	2.0	214	0.00056	-0.02836	2	-160.0	836.17	7.0
0	2.0	215	0.000554	-0.02898	2	-160.0	836.17	7.5
0	2.0	216	0.000558	-0.02924	2	-160.0	836.17	8.0
0	2.0	217	0.000585	-0.02886	2	-160.0	836.17	8.5
0	2.0	218	0.00055	-0.02656	2	-160.0	836.17	9.0
0	2.0	219	0.000554	-0.02238	2	-160.0	836.17	9.5
0	2.0	220	0.000566	-0.01826	2	-160.0	836.17	10.0
0	2.0	221	0.000719	-0.01168	2	-160.0	836.17	10.5
0	2.0	222	0.000699	-0.00442	2	-160.0	836.17	11.0
0	2.0	223	0.000769	0.0028	2	-160.0	836.17	11.5
0	2.0	224	0.000839	0.01126	2	-160.0	836.17	12.0
0	2.0	225	0.000865	0.02022	2	-160.0	836.17	12.5
0	2.0	226	0.000865	0.02766	2	-160.0	836.17	13.0
0	2.0	227	0.000872	0.03378	2	-160.0	836.17	13.5
0	2.0	228	0.000938	0.0384	2	-160.0	836.17	14.0
0	2.0	229	0.000966	0.0407	2	-160.0	836.17	14.5
0	2.0	230	0.001021	0.04046	2	-160.0	836.17	15.0
0	2.0	231	0.000885	0.03756	2	-160.0	836.17	15.5
0	2.0	232	0.00092	0.03236	2	-160.0	836.17	16.0
0	2.0	233	0.000863	0.02526	2	-160.0	836.17	16.5
0	2.0	234	0.000807	0.01696	2	-160.0	836.17	17.0
0	2.0	235	0.000751	0.00756	2	-160.0	836.17	17.5
0	2.0	236	0.000728	-0.00076	2	-160.0	836.17	18.0
0	2.0	237	0.000679	-0.00846	2	-160.0	836.17	18.5
0	2.0	238	0.000618	-0.01476	2	-160.0	836.17	19.0
0	2.0	239	0.000564	-0.01936	2	-160.0	836.17	19.5
0	2.0	240	0.000548	-0.0233	2	-160.0	836.17	20.0
0	2.0	241	0.000531	-0.02694	2	-160.0	836.17	20.5
0	2.0	242	0.000557	-0.02884	2	-160.0	836.17	21.0
0	2.0	243	0.000549	-0.0296	2	-160.0	836.17	21.5
0	2.0	244	0.00055	-0.0284	2	-160.0	836.17	22.0
0	2.0	245	0.000515	-0.02636	2	-160.0	836.17	22.5
0	2.0	246	0.000562	-0.02318	2	-160.0	836.17	23.0
0	2.0	247	0.000579	-0.01928	2	-160.0	836.17	23.5
0	2.0	248	0.000678	-0.01328	2	-160.0	836.17	24.0
0	2.0	249	0.000754	-0.00538	2	-160.0	836.17	24.5
0	2.0	250	0.00072	0.0022	2	-160.0	836.17	25.0
0	2.0	251	0.000816	0.01094	2	-160.0	836.17	25.5
0	2.0	252	0.000842	0.01914	2	-160.0	836.17	26.0
0	2.0	253	0.000884	0.02768	2	-160.0	836.17	26.5
0	2.0	254	0.000901	0.03376	2	-160.0	836.17	27.0
0	2.0	255	0.000993	0.03844	2	-160.0	836.17	27.5
0	2.0	256	0.000967	0.0401	2	-160.0	836.17	28.0
0	2.0	257	0.000947	0.03892	2	-160.0	836.17	28.5
0	2.0	258	0.000937	0.03704	2	-160.0	836.17	29.0
0	2.0	259	0.000857	0.03066	2	-160.0	836.17	29.5
0	2.0	260	0.000817	0.02554	2	-160.0	836.17	30.0
0	2.0	261	0.000807	0.01752	2	-160.0	836.17	30.5
0	2.0	262	0.000762	0.0097	2	-160.0	836.17	31.0
0	2.0	263	0.000742	0.00102	2	-160.0	836.17	31.5
0	2.0	264	0.000666	-0.00708	2	-160.0	836.17	32.0
0	2.0	265	0.000606	-0.0141	2	-160.0	836.17	32.5
0	2.0	266	0.000555	-0.0192	2	-160.0	836.17	33.0
0	2.0	267	0.00057	-0.02376	2	-160.0	836.17	33.5
0	2.0	268	0.000561	-0.02724	2	-160.0	836.17	34.0
0	2.0	269	0.000503	-0.02892	2	-160.0	836.17	34.5
0	2.0	270	0.000541	-0.02942	2	-160.0	836.17	35.0
0	2.0	271	0.000539	-0.02946	2	-160.0	836.17	35.5
0	2.0	272	0.000559	-0.02756	2	-160.0	836.17	36.0
0	2.0	273	0.000579	-0.02468	2	-160.0	836.17	36.5
0	2.0	274	0.000583	-0.02016	2	-160.0	836.17	37.0
0	2.0	275	0.000691	-0.0147	2	-160.0	836.17	37.5
0	2.0	276	0.000717	-0.00724	2	-160.0	836.17	38.0
0	2.0	277	0.000712	0.00268	2	-160.0	836.17	38.5
0	2.0	278	0.00078	0.0102	2	-160.0	836.17	39.0
0	2.0	279	0.000848	0.01934	2	-160.0	836.17	39.5
0	2.0	280	0.000858	0.02698	2	-160.0	836.17	40.0
0	2.0	281	0.000955	0.03298	2	-160.0	836.17	40.5
0	2.0	282	0.000974	0.03726	2	-160.0	836.17	41.0
0	2.0	283	0.000948	0.03886	2	-160.0	836.17	41.5
0	2.0	284	0.00099	0.03978	2	-160.0	836.17	42.0
0	2.0	285	0.000941	0.03768	2	-160.0	836.17	42.5
0	2.0	286	0.000895	0.03324	2	-160.0	836.17	43.0
0	2.0	287	0.000886	0.0263	2	-160.0	836.17	43.5
0	2.0	288	0.000837	0.01858	2	-160.0	836.17	44.0
0	2.0	289	0.00072	0.01084	2	-160.0	836.17	44.5
0	2.0	290	0.000665	0.00336	2	-160.0	836.17	45.0
0	2.0	291	0.000677	-0.0055	2	-160.0	836.17	45.5
0	2.0	292	0.000593	-0.01284	2	-160.0	836.17	46.0
0	2.0	293	0.000547	-0.01742	2	-160.0	836.17	46.5
0	2.0	294	0.000594	-0.0224	2	-160.0	836.17	47.0
0	2.0	295	0.000558	-0.02522	2	-160.0	836.17	47.5
0	2.0	296	0.000563	-0.02732	2	-160.0	836.17	48.0
0	2.0	297	0.000519	-0.02818	2	-160.0	836.17	48.5
0	2.0	298	0.000493	-0.02864	2	-160.0	836.17	49.0
0	2.0	299	0.000575	-0.02734	2	-160.0	836.17	49.5
0	2.0	300	0.000596	-0.02392	2	-160.0	836.17	50.0
0	2.0	301	0.000662	-0.01952	2	-160.0	836.17	50.5
0	2.0	302	0.000728	-0.01374	2	-160.0	836.17	51.0
0	2.0	303	0.000608	-0.00702	2	-160.0	836.17	51.5
0	2.0	304	0.000739	0.00046	2	-160.0	836.17	52.0
0	2.0	305	0.000829	0.01016	2	-160.0	836.17	52.5
0	2.0	306	0.000858	0.01858	2	-160.0	836.17	53.0
0	2.0	307	0.000883	0.0273	2	-160.0	836.17	53.5
0	2.0	308	0.000948	0.0341	2	-160.0	836.17	54.0
0	2.0	309	0.00096	0.03878	2	-160.0	836.17	54.5
0	2.0	310	0.000949	0.0407	2	-160.0	836.17	55.0
0	2.0	311	0.000972	0.03992	2	-160.0	836.17	55.5
0	2.0	312	0.000974	0.03724	2	-160.0	836.17	56.0
0	2.0	313	0.000895	0.03202	2	-160.0	836.17	56.5
0	2.0	314	0.000881	0.026	2	-160.0	836.17	57.0
0	2.0	315	0.000843	0.01774	2	-160.0	836.17	57.5
0	2.0	316	0.000757	0.01008	2	-160.0	836.17	58.0
0	2.0	317	0.000708	0.00236	2	-160.0	836.17	58.5
0	2.0	318	0.000683	-0.00478	2	-160.0	836.17	59.0
0	2.0	319	0.000622	-0.01248	2	-160.0	836.17	59.5
0	2.0	320	0.000589	-0.01836	2	-160.0	836.17	60.0
0	2.0	321	0.000564	-0.02236	2	-160.0	836.17	60.5
0	2.0	322	0.000582	-0.02572	2	-160.0	836.17	61.0
0	2.0	323	0.000554	-0.02802	2	-160.0	836.17	61.5
0	2.0	324	0.000504	-0.02788	2	-160.0	836.17	62.0
0	2.0	325	0.000533	-0.02782	2	-160.0	836.17	62.5
0	2.0	326	0.000586	-0.02616	2	-160.0	836.17	63.0
0	2.0	327	0.000564	-0.0233	2	-160.0	836.17	63.5
0	2.0	328	0.000637	-0.01914	2	-160.0	836.17	64.0
0	2.0	329	0.000687	-0.01406	2	-160.0	836.17	64.5
0	2.0	330	0.000695	-0.00738	2	-160.0	836.17	65.0
0	2.0	331	0.000792	0.00148	2	-160.0	836.17	65.5
0	2.0	332	0.000909	0.00972	2	-160.0	836.17	66.0
0	2.0	333	0.000873	0.01904	2	-160.0	836.17	66.5
0	2.0	334	0.000935	0.02692	2	-160.0	836.17	67.0
0	2.0	335	0.000935	0.03422	2	-160.0	836.17	67.5
0	2.0	336	0.000974	0.0381	2	-160.0	836.17	68.0
0	2.0	337	0.000916	0.04076	2	-160.0	836.17	68.5
0	2.0	338	0.000964	0.04086	2	-160.0	836.17	69.0
0	2.0	339	0.000988	0.03798	2	-160.0	836.17	69.5
0	2.0	340	0.000949	0.0332	2	-160.0	836.17	70.0
0	2.0	341	0.000915	0.027	2	-160.0	836.17	70.5
0	2.0	342	0.000823	0.01942	2	-160.0	836.17	71.0
0	2.0	343	0.000786	0.0118	2	-160.0	836.17	71.5
0	2.0	344	0.000734	0.0047	2	-160.0	836.17	72.0
0	2.0	345	0.000638	-0.00364	2	-160.0	836.17	72.5
0	2.0	346	0.000681	-0.01144	2	-160.0	836.17	73.0
0	2.0	347	0.000637	-0.01704	2	-160.0	836.17	73.5
0	2.0	348	0.000579	-0.0211	2	-160.0	836.17	74.0
0	2.0	349	0.000513	-0.0251	2	-160.0	836.17	74.5
0	2.0	350	0.000553	-0.02754	2	-160.0	836.17	75.0
0	2.0	351	0.000557	-0.02898	2	-160.0	836.17	75.5
0	2.0	352	0.000484	-0.02926	2	-160.0	836.17	76.0
0	2.0	353	0.000505	-0.02694	2	-160.0	836.17	76.5
0	2.0	354	0.000565	-0.02512	2	-160.0	836.17	77.0
0	2.0	355	0.000572	-0.0204	2	-160.0	836.17	77.5
0	2.0	356	0.000642	-0.01596	2	-160.0	836.17	78.0
0	2.0	357	0.000697	-0.0086	2	-160.0	836.17	78.5
0	2.0	358	0.000698	-0.00124	2	-160.0	836.17	79.0
0	2.0	359	0.00081	0.00696	2	-160.0	836.17	79.5
0	2.0	360	0.000842	0.01692	2	-160.0	836.17	80.0
0	2.0	361	0.000866	0.02538	2	-160.0	836.17	80.5
0	2.0	362	0.000905	0.03206	2	-160.0	836.17	81.0
0	2.0	363	0.000947	0.03744	2	-160.0	836.17	81.5
0	2.0	364	0.000958	0.0402	2	-160.0	836.17	82.0
0	2.0	365	0.000952	0.03944	2	-160.0	836.17	82.5
0	2.0	366	0.000952	0.03678	2	-160.0	836.17	83.0
0	2.0	367	0.000957	0.03206	2	-160.0	836.17	83.5
0	2.0	368	0.000868	0.0266	2	-160.0	836.17	84.0
0	2.0	369	0.000834	0.01918	2	-160.0	836.17	84.5
0	2.0	370	0.000815	0.0112	2	-160.0	836.17	85.0
0	2.0	371	0.000743	0.00394	2	-160.0	836.17	85.5
0	2.0	372	0.000702	-0.00338	2	-160.0	836.17	86.0
0	2.0	373	0.000651	-0.01072	2	-160.0	836.17	86.5
0	2.0	374	0.000621	-0.01702	2	-160.0	836.17	87.0
0	2.0	375	0.00059	-0.02178	2	-160.0	836.17	87.5
0	2.0	376	0.000527	-0.0259	2	-160.0	836.17	88.0
0	2.0	377	0.000532	-0.02854	2	-160.0	836.17	88.5
0	2.0	378	0.000508	-0.03028	2	-160.0	836.17	89.0
0	2.0	379	0.000531	-0.0301	2	-160.0	836.17	89.5
0	2.0	380	0.000545	-0.02796	2	-160.0	836.17	90.0
0	2.0	381	0.000605	-0.02548	2	-160.0	836.17	90.5
0	2.0	382	0.000591	-0.02148	2	-160.0	836.17	91.0
0	2.0	383	0.000688	-0.0162	2	-160.0	836.17	91.5
0	2.0	384	0.000681	-0.00894	2	-160.0	836.17	92.0
0	2.0	385	0.00078	-0.00068	2	-160.0	836.17	92.5
0	2.0	386	0.000831	0.00764	2	-160.0	836.17	93.0
0	2.0	387	0.000874	0.01694	2	-160.0	836.17	93.5
0	2.0	388	0.000874	0.02524	2	-160.0	836.17	94.0
0	2.0	389	0.000975	0.0318	2	-160.0	836.17	94.5
0	2.0	390	0.00095	0.03744	2	-160.0	836.17	95.0
0	2.0	391	0.001009	0.04042	2	-160.0	836.17	95.5
0	2.0	392	0.000959	0.03926	2	-160.0	836.17	96.0
0	2.0	393	0.000934	0.03592	2	-160.0	836.17	96.5
0	2.0	394	0.000944	0.03194	2	-160.0	836.17	97.0
0	2.0	395	0.000894	0.02576	2	-160.0	836.17	97.5
0	2.0	396	0.000852	0.01816	2	-160.0	836.17	98.0
0	2.0	397	0.000763	0.01108	2	-160.0	836.17	98.5
0	2.0	398	0.000759	0.00322	2	-160.0	836.17	99.0
0	2.0	399	0.000738	-0.00332	2	-160.0	836.17	99.5
0	2.0	400	0.000634	-0.01088	2	-160.0	836.17	100.0
